skill,band,life_ticks,score_rate,pellets_eaten,pellet_rate,blue_eaten,avg_ghost_dist,near_ghost_ticks,reversal_rate,pellet_efficiency,reaction_ticks,ate_blue
0.0,casual,2241,0.4775,99,0.0442,0,5434.62,74,0.0129,0.02035,,0
0.0,casual,574,0.0697,4,0.007,0,222.74,84,0.0279,0.00463,,0
0.0,casual,2041,0.3479,67,0.0328,0,3089.52,82,0.0127,0.01603,,0
0.0,casual,830,0.2771,23,0.0277,0,235.32,83,0.0145,0.01533,,0
0.0,casual,2034,0.3933,76,0.0374,0,3103.68,75,0.0143,0.01671,,0
0.0,casual,2793,0.2828,75,0.0269,0,2275.3,124,0.0172,0.01423,,0
0.0,casual,1419,0.2889,41,0.0289,0,126.16,113,0.012,0.01582,,0
0.0,casual,1001,0.2198,22,0.022,0,172.44,254,0.008,0.01378,,0
0.0,casual,1227,0.4482,55,0.0448,0,190.82,75,0.0155,0.02031,,0
0.0,casual,3158,0.399,118,0.0374,0,3952.63,90,0.0199,0.01871,,0
0.0,casual,955,0.1257,12,0.0126,0,166.2,80,0.0084,0.00541,,0
0.0,casual,1750,0.1486,22,0.0126,0,3535.81,80,0.0171,0.00669,,0
0.0,casual,2115,0.4823,94,0.0444,0,5782.69,75,0.0123,0.01968,,0
0.0,casual,2506,0.3911,90,0.0359,0,4755.88,170,0.0184,0.01917,,0
0.0,casual,1174,0.2811,33,0.0281,0,161.71,82,0.0136,0.01514,,0
0.0,casual,505,0.0396,2,0.004,0,215.71,81,0.0158,0.00373,,0
0.0,casual,557,0.5027,28,0.0503,0,235.26,75,0.0233,0.01913,,0
0.0,casual,2199,0.4366,83,0.0377,1,5555.96,97,0.015,0.01954,469,1
0.0,casual,1940,0.3608,70,0.0361,0,159.36,126,0.0129,0.01738,,0
0.0,casual,1888,0.1907,32,0.0169,0,3394.61,82,0.0143,0.00872,,0
0.0,casual,1690,0.4793,72,0.0426,1,3678.76,75,0.0172,0.01879,332,1
0.0,casual,999,0.4004,40,0.04,0,183.03,82,0.014,0.01969,,0
0.0,casual,698,0.1289,9,0.0129,0,196.63,124,0.0172,0.00865,,0
0.0,casual,906,0.2208,20,0.0221,0,181.99,98,0.011,0.01333,,0
0.0,casual,1794,0.5964,98,0.0546,1,3441.99,86,0.0229,0.02322,387,1
0.0,casual,498,0.0602,3,0.006,0,229.76,83,0.006,0.00556,,0
0.0,casual,625,0.176,11,0.0176,0,216.78,82,0.0112,0.01267,,0
0.0,casual,742,0.0809,6,0.0081,0,193.16,81,0.0121,0.00498,,0
0.0,casual,1275,0.4235,45,0.0353,1,2708.9,120,0.0141,0.01659,220,1
0.0,casual,1480,0.4459,62,0.0419,0,4184.19,82,0.0088,0.02385,,0
0.0,casual,960,0.3229,31,0.0323,0,179.35,82,0.0094,0.01638,,0
0.0,casual,583,0.0,0,0.0,0,199.16,85,0.0154,0.0,,0
0.0,casual,790,0.519,41,0.0519,0,196.67,90,0.0139,0.01837,,0
0.0,casual,642,0.2336,15,0.0234,0,179.35,81,0.0093,0.01794,,0
0.0,casual,4593,0.4289,150,0.0327,4,2816.35,82,0.0124,0.0158,68,1
0.0,casual,627,0.0,0,0.0,0,193.02,128,0.0128,0.0,,0
0.0,casual,1482,0.3171,43,0.029,0,4160.2,74,0.025,0.01345,,0
0.0,casual,848,0.1769,15,0.0177,0,223.43,82,0.0071,0.01003,,0
0.0,casual,2033,0.2804,53,0.0261,0,3068.3,81,0.0123,0.0137,,0
0.0,casual,810,0.3457,28,0.0346,0,208.67,83,0.0111,0.0158,,0
0.0,casual,272,0.2574,7,0.0257,0,161.91,75,0.0294,0.01023,,0
0.0,casual,1698,0.5418,83,0.0489,1,2887.85,141,0.0206,0.02331,64,1
0.0,casual,841,0.214,18,0.0214,0,213.97,82,0.0226,0.01531,,0
0.0,casual,2287,0.3498,76,0.0332,0,2785.45,82,0.0122,0.01646,,0
0.0,casual,292,0.274,8,0.0274,0,152.23,75,0.0171,0.01176,,0
0.0,casual,2868,0.3801,101,0.0352,0,4148.61,83,0.0167,0.01726,,0
0.0,casual,1957,0.3628,67,0.0342,0,3233.75,277,0.0123,0.01642,,0
0.0,casual,1355,0.0959,13,0.0096,0,149.5,82,0.0199,0.00601,,0
0.0,casual,804,0.4726,38,0.0473,0,203.01,118,0.0112,0.02093,,0
0.0,casual,3709,0.4179,123,0.0332,3,4848.42,82,0.0143,0.01641,370,1
0.0,casual,684,0.0439,3,0.0044,0,187.1,80,0.0117,0.00301,,0
0.0,casual,2473,0.3154,69,0.0279,1,2393.44,82,0.0218,0.01405,140,1
0.0,casual,859,0.454,39,0.0454,0,212.47,75,0.0128,0.01882,,0
0.0,casual,2650,0.3396,82,0.0309,0,4713.56,82,0.017,0.01578,,0
0.0,casual,1075,0.1953,21,0.0195,0,154.89,82,0.0186,0.0125,,0
0.0,casual,627,0.0638,4,0.0064,0,187.63,213,0.0048,0.00556,,0
0.0,casual,1168,0.4623,54,0.0462,0,209.6,75,0.0188,0.02235,,0
0.0,casual,663,0.2413,16,0.0241,0,202.8,89,0.0121,0.01794,,0
0.0,casual,1677,0.2326,35,0.0209,0,3766.68,82,0.0143,0.01094,,0
0.0,casual,638,0.0,0,0.0,0,155.07,267,0.011,0.0,,0
0.0,casual,420,0.4286,18,0.0429,0,211.25,75,0.0071,0.01982,,0
0.0,casual,897,0.3567,32,0.0357,0,182.94,82,0.0089,0.01874,,0
0.0,casual,839,0.3576,30,0.0358,0,179.3,82,0.0048,0.01579,,0
0.0,casual,1768,0.3563,54,0.0305,1,3571.45,82,0.0124,0.01617,201,1
0.0,casual,394,0.3553,14,0.0355,0,132.98,75,0.0178,0.01628,,0
0.0,casual,770,0.2078,16,0.0208,0,194.24,82,0.0143,0.01434,,0
0.0,casual,534,0.1498,8,0.015,0,232.51,82,0.0131,0.0122,,0
0.0,casual,2485,0.2897,68,0.0274,0,2547.25,285,0.0137,0.01459,,0
0.0,casual,2219,0.4912,105,0.0473,0,2855.79,75,0.0144,0.02072,,0
0.0,casual,1002,0.2794,28,0.0279,0,157.15,82,0.014,0.01259,,0
0.0,casual,1628,0.3317,50,0.0307,0,3892.01,82,0.016,0.01687,,0
0.0,casual,824,0.0121,1,0.0012,0,200.63,82,0.0158,0.00081,,0
0.0,casual,544,0.5147,28,0.0515,0,184.87,76,0.0184,0.01699,,0
0.0,casual,810,0.3704,30,0.037,0,140.99,110,0.0136,0.01674,,0
0.0,casual,1609,0.2672,34,0.0211,1,1936.14,178,0.018,0.01044,76,1
0.0,casual,1944,0.2778,50,0.0257,0,3256.42,83,0.0216,0.01452,,0
0.0,casual,825,0.4,33,0.04,0,158.25,146,0.0109,0.01519,,0
0.0,casual,854,0.3162,27,0.0316,0,210.07,82,0.0094,0.0186,,0
0.0,casual,676,0.2663,18,0.0266,0,233.34,82,0.0133,0.01673,,0
0.0,casual,2236,0.322,59,0.0264,1,3301.62,82,0.0161,0.01368,514,1
0.0,casual,1348,0.4822,56,0.0415,1,2482.33,75,0.0119,0.01669,212,1
0.0,casual,1034,0.2901,30,0.029,0,191.84,81,0.0048,0.01852,,0
0.0,casual,1017,0.0885,9,0.0088,0,198.18,82,0.0128,0.00577,,0
0.0,casual,2089,0.4356,82,0.0393,1,820.97,207,0.0168,0.01847,38,1
0.0,casual,576,0.5035,29,0.0503,0,220.38,75,0.0156,0.01933,,0
0.0,casual,947,0.3801,36,0.038,0,212.19,82,0.019,0.01879,,0
0.0,casual,532,0.2256,12,0.0226,0,227.12,80,0.0094,0.01402,,0
0.0,casual,1796,0.2951,49,0.0273,0,3511.1,82,0.0145,0.01541,,0
0.0,casual,284,0.5634,16,0.0563,0,195.38,73,0.007,0.01878,,0
0.0,casual,4549,0.4287,178,0.0391,1,4074.22,756,0.0119,0.02008,488,1
0.0,casual,2792,0.2543,52,0.0186,2,1668.61,100,0.0125,0.00969,146,1
0.0,casual,1475,0.0,0,0.0,0,162.87,81,0.0108,0.0,,0
0.0,casual,809,0.445,36,0.0445,0,148.88,75,0.0161,0.01648,,0
0.0,casual,3984,0.369,134,0.0336,1,3190.07,236,0.0166,0.01621,581,1
0.0,casual,2152,0.2277,45,0.0209,0,2985.65,82,0.0116,0.0101,,0
0.0,casual,992,0.2117,21,0.0212,0,181.73,80,0.0111,0.01364,,0
0.0,casual,890,0.4944,44,0.0494,0,129.23,133,0.018,0.02644,,0
0.0,casual,555,0.1261,7,0.0126,0,222.28,82,0.0108,0.0081,,0
0.0,casual,674,0.2819,19,0.0282,0,216.24,82,0.0104,0.01542,,0
0.0,casual,705,0.156,11,0.0156,0,200.14,117,0.0057,0.00986,,0
0.0,casual,3593,0.437,144,0.0401,1,3518.85,134,0.0128,0.01883,321,1
0.0,casual,585,0.188,11,0.0188,0,257.16,82,0.0068,0.01375,,0
0.0,casual,842,0.1188,10,0.0119,0,205.98,82,0.0166,0.00839,,0
0.0,casual,821,0.0609,5,0.0061,0,213.31,84,0.0061,0.00415,,0
0.0,casual,2270,0.4493,94,0.0414,0,5360.52,75,0.0101,0.01967,,0
0.0,casual,583,0.1029,6,0.0103,0,189.04,84,0.0051,0.01111,,0
0.0,casual,773,0.2587,20,0.0259,0,191.96,82,0.0065,0.01543,,0
0.0,casual,1107,0.2891,32,0.0289,0,209.55,81,0.0163,0.01724,,0
0.0,casual,367,0.2997,11,0.03,0,152.83,77,0.0136,0.01267,,0
0.0,casual,930,0.3226,30,0.0323,0,254.66,82,0.0194,0.0179,,0
0.0,casual,2857,0.3325,82,0.0287,1,2616.04,97,0.0175,0.01434,126,1
0.0,casual,696,0.1293,9,0.0129,0,200.35,97,0.0158,0.01,,0
0.0,casual,2197,0.4734,91,0.0414,1,5410.14,76,0.0127,0.01798,252,1
0.0,casual,2228,0.3411,72,0.0323,0,2863.77,82,0.0171,0.01746,,0
0.0,casual,1050,0.1905,20,0.019,0,228.1,82,0.0114,0.00935,,0
0.0,casual,603,0.0,0,0.0,0,244.45,82,0.0033,0.0,,0
0.0,casual,660,0.5455,36,0.0545,0,138.39,126,0.0439,0.01907,,0
0.0,casual,3911,0.3426,117,0.0299,1,4764.83,82,0.0184,0.01478,552,1
0.0,casual,896,0.3013,27,0.0301,0,209.43,82,0.0268,0.01627,,0
0.0,casual,1897,0.195,28,0.0148,1,3339.45,82,0.0179,0.00744,556,1
0.25,casual,1305,0.7203,75,0.0575,2,4347.79,74,0.0176,0.02389,275,1
0.25,casual,2591,0.386,96,0.0371,0,2440.04,83,0.0151,0.01878,,0
0.25,casual,2877,0.2815,43,0.0149,3,3108.21,82,0.0104,0.00745,64,1
0.25,casual,1324,0.1133,15,0.0113,0,174.3,194,0.0098,0.00624,,0
0.25,casual,2181,0.4448,93,0.0426,0,2835.66,279,0.0119,0.01917,,0
0.25,casual,2349,0.2341,51,0.0217,0,2687.42,187,0.0094,0.01123,,0
0.25,casual,888,0.3041,27,0.0304,0,214.05,82,0.0327,0.01654,,0
0.25,casual,2059,0.1651,34,0.0165,0,243.36,220,0.0117,0.00878,,0
0.25,casual,1089,0.3857,42,0.0386,0,177.25,75,0.0129,0.01862,,0
0.25,casual,643,0.1089,7,0.0109,0,192.92,82,0.0218,0.00897,,0
0.25,casual,564,0.1596,9,0.016,0,194.88,82,0.016,0.01125,,0
0.25,casual,1749,0.1944,30,0.0172,0,3578.09,82,0.016,0.00863,,0
0.25,casual,1958,0.5209,94,0.048,0,6208.28,75,0.0128,0.021,,0
0.25,casual,730,0.2329,17,0.0233,0,216.8,82,0.0151,0.01721,,0
0.25,casual,1170,0.2991,35,0.0299,0,244.28,82,0.0077,0.01623,,0
0.25,casual,907,0.3418,31,0.0342,0,213.35,82,0.0154,0.01802,,0
0.25,casual,1639,0.4576,75,0.0458,0,151.44,75,0.0189,0.02031,,0
0.25,casual,4426,0.3954,154,0.0348,1,5283.51,82,0.0113,0.01713,69,1
0.25,casual,1132,0.0265,3,0.0027,0,204.77,209,0.0071,0.00146,,0
0.25,casual,979,0.0306,3,0.0031,0,194.0,82,0.0163,0.00141,,0
0.25,casual,2085,0.542,104,0.0499,1,1816.45,250,0.0125,0.02319,236,1
0.25,casual,1489,0.3425,51,0.0343,0,176.5,82,0.0262,0.01763,,0
0.25,casual,751,0.1598,12,0.016,0,196.89,82,0.0133,0.01124,,0
0.25,casual,1130,0.0354,4,0.0035,0,127.1,82,0.0124,0.0018,,0
0.25,casual,3039,0.3356,98,0.0322,0,2132.79,75,0.0181,0.01464,,0
0.25,casual,1711,0.3448,50,0.0292,1,3648.02,82,0.0099,0.01501,199,1
0.25,casual,642,0.0,0,0.0,0,226.31,82,0.0078,0.0,,0
0.25,casual,895,0.4246,38,0.0425,0,163.24,74,0.0156,0.0169,,0
0.25,casual,722,0.1801,13,0.018,0,201.93,145,0.0055,0.01016,,0
0.25,casual,3868,0.4059,110,0.0284,4,3751.84,80,0.0127,0.01437,60,1
0.25,casual,1441,0.2429,35,0.0243,0,175.53,80,0.0097,0.01478,,0
0.25,casual,3059,0.4021,115,0.0376,0,3644.06,75,0.0108,0.01761,,0
0.25,casual,1377,0.3413,47,0.0341,0,188.47,82,0.0065,0.01816,,0
0.25,casual,3232,0.2939,82,0.0254,1,3466.93,82,0.0155,0.01262,134,1
0.25,casual,570,0.0,0,0.0,0,187.16,82,0.0088,0.0,,0
0.25,casual,1481,0.3849,53,0.0358,0,4161.69,75,0.023,0.01779,,0
0.25,casual,1431,0.4193,60,0.0419,0,150.22,121,0.0154,0.01979,,0
0.25,casual,535,0.0935,5,0.0093,0,202.08,82,0.0112,0.00581,,0
0.25,casual,3137,0.3315,96,0.0306,0,3955.77,82,0.0092,0.01536,,0
0.25,casual,1396,0.437,57,0.0408,0,4429.12,95,0.0208,0.01759,,0
0.25,casual,1371,0.4814,66,0.0481,0,196.42,80,0.0117,0.02276,,0
0.25,casual,6590,0.2276,123,0.0187,2,2456.78,589,0.0147,0.00924,274,1
0.25,casual,544,0.4779,26,0.0478,0,161.47,75,0.0092,0.01562,,0
0.25,casual,1957,0.3679,68,0.0347,0,3190.26,83,0.0148,0.02051,,0
0.25,casual,3488,0.344,112,0.0321,0,3615.59,203,0.0106,0.01586,,0
0.25,casual,3731,0.1179,40,0.0107,0,1742.75,82,0.0153,0.00529,,0
0.25,casual,980,0.4286,42,0.0429,0,213.13,75,0.0143,0.02004,,0
0.25,casual,2738,0.3579,94,0.0343,0,2309.91,82,0.0117,0.01682,,0
0.25,casual,2882,0.2117,53,0.0184,0,4335.62,84,0.0128,0.00918,,0
0.25,casual,1730,0.289,46,0.0266,0,3670.08,82,0.0145,0.01325,,0
0.25,casual,1973,0.4967,85,0.0431,1,4321.99,198,0.0137,0.01815,170,1
0.25,casual,2752,0.3997,106,0.0385,0,2346.81,82,0.0127,0.01934,,0
0.25,casual,1947,0.3338,46,0.0236,2,2469.43,91,0.019,0.01245,179,1
0.25,casual,1189,0.0421,5,0.0042,0,121.63,143,0.016,0.00206,,0
0.25,casual,1431,0.4542,61,0.0426,0,4286.48,75,0.0168,0.01928,,0
0.25,casual,960,0.3229,31,0.0323,0,242.61,80,0.0333,0.01734,,0
0.25,casual,561,0.2496,14,0.025,0,195.81,82,0.0053,0.01777,,0
0.25,casual,1978,0.2376,43,0.0217,0,3232.02,82,0.0152,0.01096,,0
0.25,casual,5750,0.4157,218,0.0379,1,4125.47,89,0.0139,0.0186,371,1
0.25,casual,1007,0.0794,8,0.0079,0,200.88,82,0.0149,0.00388,,0
0.25,casual,1016,0.0098,1,0.001,0,136.18,82,0.0167,0.00067,,0
0.25,casual,1493,0.0804,12,0.008,0,155.84,83,0.0208,0.00411,,0
0.25,casual,3217,0.4352,117,0.0364,2,2871.46,77,0.0224,0.01651,59,1
0.25,casual,2699,0.1964,49,0.0182,0,2362.24,82,0.0096,0.00869,,0
0.25,casual,825,0.2424,20,0.0242,0,189.18,82,0.0206,0.01656,,0
0.25,casual,2449,0.2817,60,0.0245,1,1924.66,82,0.0102,0.01233,169,1
0.25,casual,286,0.5594,16,0.0559,0,193.17,74,0.014,0.01869,,0
0.25,casual,1993,0.4817,92,0.0462,0,3135.86,81,0.0186,0.02212,,0
0.25,casual,4209,0.3659,132,0.0314,2,4078.9,82,0.0154,0.01495,271,1
0.25,casual,1245,0.0482,6,0.0048,0,159.96,82,0.0185,0.00212,,0
0.25,casual,6069,0.3938,213,0.0351,2,3816.57,204,0.016,0.01739,192,1
0.25,casual,643,0.1711,11,0.0171,0,208.09,82,0.0156,0.0141,,0
0.25,casual,903,0.1661,15,0.0166,0,206.72,82,0.0221,0.00908,,0
0.25,casual,2225,0.0225,5,0.0022,0,136.27,82,0.0229,0.00125,,0
0.25,casual,4252,0.4704,188,0.0442,0,4381.79,76,0.0134,0.02176,,0
0.25,casual,732,0.1093,8,0.0109,0,205.67,82,0.0109,0.00623,,0
0.25,casual,1167,0.0343,4,0.0034,0,209.38,96,0.0206,0.00172,,0
0.25,casual,793,0.0,0,0.0,0,176.01,83,0.0177,0.0,,0
0.25,casual,1063,0.4704,50,0.047,0,182.21,142,0.0216,0.02294,,0
0.25,casual,3792,0.3613,125,0.033,0,4854.53,82,0.0121,0.01662,,0
0.25,casual,1354,0.1699,23,0.017,0,214.36,82,0.0303,0.00826,,0
0.25,casual,904,0.0553,5,0.0055,0,146.73,82,0.0155,0.00293,,0
0.25,casual,1427,0.7638,75,0.0526,3,2302.67,75,0.0126,0.02054,98,1
0.25,casual,1871,0.4009,66,0.0353,1,2334.09,82,0.0128,0.01957,150,1
0.25,casual,1920,0.2708,48,0.025,0,3290.72,112,0.0115,0.0135,,0
0.25,casual,1772,0.2935,48,0.0271,0,3521.54,82,0.0181,0.01307,,0
0.25,casual,2089,0.5122,98,0.0469,1,2974.96,75,0.0206,0.01995,380,1
0.25,casual,2025,0.1975,40,0.0198,0,210.73,215,0.0188,0.01055,,0
0.25,casual,2310,0.2814,56,0.0242,1,2768.22,180,0.0152,0.01209,389,1
0.25,casual,572,0.0,0,0.0,0,192.77,82,0.0157,0.0,,0
0.25,casual,2138,0.5285,105,0.0491,0,5657.0,75,0.0122,0.02193,,0
0.25,casual,3052,0.308,90,0.0295,0,2135.07,82,0.0125,0.01562,,0
0.25,casual,846,0.2837,24,0.0284,0,201.32,83,0.0118,0.016,,0
0.25,casual,900,0.0222,2,0.0022,0,145.97,82,0.0122,0.00123,,0
0.25,casual,1121,0.4371,49,0.0437,0,170.28,76,0.0152,0.01911,,0
0.25,casual,1364,0.3886,53,0.0389,0,172.71,280,0.0081,0.01716,,0
0.25,casual,2724,0.3047,79,0.029,0,2353.14,504,0.0147,0.01497,,0
0.25,casual,2589,0.2433,55,0.0212,0,4289.26,83,0.0124,0.01066,,0
0.25,casual,3756,0.434,150,0.0399,1,3122.54,75,0.0162,0.0181,193,1
0.25,casual,660,0.0303,2,0.003,0,179.66,82,0.0076,0.00169,,0
0.25,casual,4238,0.2407,94,0.0222,0,2988.83,83,0.0186,0.01122,,0
0.25,casual,572,0.0,0,0.0,0,188.02,82,0.021,0.0,,0
0.25,casual,4282,0.4227,169,0.0395,0,4240.74,75,0.0149,0.01949,,0
0.25,casual,979,0.143,14,0.0143,0,225.56,83,0.0061,0.01006,,0
0.25,casual,557,0.1975,11,0.0197,0,204.92,105,0.0036,0.01322,,0
0.25,casual,1270,0.3622,37,0.0291,1,2611.81,82,0.0087,0.01327,259,1
0.25,casual,3393,0.557,172,0.0507,1,4924.76,75,0.0112,0.02414,943,1
0.25,casual,2033,0.1476,30,0.0148,0,120.92,98,0.0113,0.00743,,0
0.25,casual,560,0.0179,1,0.0018,0,217.26,82,0.0196,0.00125,,0
0.25,casual,2734,0.1719,43,0.0157,0,2353.88,84,0.0219,0.00777,,0
0.25,casual,2028,0.4142,80,0.0394,0,3080.43,75,0.0104,0.01821,,0
0.25,casual,945,0.127,12,0.0127,0,139.1,82,0.0085,0.00865,,0
0.25,casual,1622,0.5364,78,0.0481,1,1665.62,82,0.0136,0.02438,65,1
0.25,casual,554,0.0542,3,0.0054,0,221.32,82,0.0361,0.00393,,0
0.25,casual,1247,0.4972,58,0.0465,0,4886.34,205,0.0257,0.02025,,0
0.25,casual,1297,0.239,31,0.0239,0,134.69,118,0.01,0.01294,,0
0.25,casual,2246,0.2004,41,0.0183,0,2833.71,82,0.0169,0.01001,,0
0.25,casual,3701,0.3215,111,0.03,0,3385.42,82,0.0195,0.01531,,0
0.5,middle,4184,0.435,174,0.0416,0,3035.06,75,0.0112,0.01974,,0
0.5,middle,2141,0.2149,46,0.0215,0,179.74,81,0.0187,0.01054,,0
0.5,middle,1591,0.44,61,0.0383,1,3618.68,75,0.0094,0.01652,373,1
0.5,middle,2932,0.4127,102,0.0348,2,907.23,83,0.0167,0.01789,171,1
0.5,middle,3228,0.1859,56,0.0173,0,2022.25,82,0.0155,0.00819,,0
0.5,middle,1024,0.0,0,0.0,0,198.65,82,0.082,0.0,,0
0.5,middle,4980,0.4699,202,0.0406,3,2098.2,75,0.01,0.01958,194,1
0.5,middle,1348,0.0816,11,0.0082,0,244.49,82,0.0052,0.00452,,0
0.5,middle,4630,0.5032,196,0.0423,4,2834.23,75,0.0114,0.01977,47,1
0.5,middle,846,0.1182,10,0.0118,0,173.79,82,0.0142,0.00704,,0
0.5,middle,1369,0.0073,1,0.0007,0,242.44,82,0.0212,0.0004,,0
0.5,middle,2575,0.1748,36,0.014,1,1750.26,84,0.0167,0.00678,201,1
0.5,middle,6256,0.43,207,0.0331,4,2254.79,546,0.0177,0.01603,2,1
0.5,middle,573,0.0524,3,0.0052,0,194.18,82,0.0192,0.00349,,0
0.5,middle,1415,0.0707,10,0.0071,0,147.02,188,0.0099,0.00361,,0
0.5,middle,1265,0.4111,48,0.0379,0,4849.08,75,0.0126,0.01613,,0
0.5,middle,985,0.3655,36,0.0365,0,231.15,82,0.0112,0.02,,0
0.5,middle,6309,0.3154,162,0.0257,4,1578.32,82,0.0116,0.01257,146,1
0.5,middle,1192,0.0,0,0.0,0,129.79,142,0.0235,0.0,,0
0.5,middle,1068,0.4026,43,0.0403,0,201.07,75,0.0066,0.01958,,0
0.5,middle,2972,0.4408,108,0.0363,2,3197.81,82,0.0138,0.01788,128,1
0.5,middle,4718,0.195,74,0.0157,2,1459.71,82,0.0148,0.00782,59,1
0.5,middle,4732,0.4776,199,0.0421,3,2491.17,90,0.0063,0.02,205,1
0.5,middle,638,0.0157,1,0.0016,0,209.06,82,0.0157,0.00133,,0
0.5,middle,3921,0.1403,46,0.0117,1,1203.83,82,0.0112,0.00581,123,1
0.5,middle,939,0.3514,33,0.0351,0,200.23,75,0.0192,0.0159,,0
0.5,middle,1695,0.413,70,0.0413,0,98.96,82,0.0118,0.02028,,0
0.5,middle,7017,0.2337,143,0.0204,1,3153.03,96,0.012,0.01031,92,1
0.5,middle,1822,0.494,81,0.0445,1,3470.81,74,0.0176,0.02005,558,1
0.5,middle,5313,0.2748,128,0.0241,2,1216.39,80,0.0162,0.01191,97,1
0.5,middle,1888,0.0371,7,0.0037,0,225.5,81,0.0217,0.0018,,0
0.5,middle,920,0.0217,2,0.0022,0,158.45,293,0.0065,0.00144,,0
0.5,middle,6913,0.4007,246,0.0356,3,2924.27,115,0.0123,0.01692,117,1
0.5,middle,571,0.0,0,0.0,0,193.56,82,0.0123,0.0,,0
0.5,middle,573,0.0,0,0.0,0,195.25,82,0.0192,0.0,,0
0.5,middle,1773,0.0,0,0.0,0,143.57,182,0.0152,0.0,,0
0.5,middle,2008,0.4582,84,0.0418,0,6064.61,74,0.0139,0.01868,,0
0.5,middle,3200,0.4188,115,0.0359,2,526.77,139,0.0106,0.01918,19,1
0.5,middle,971,0.1133,11,0.0113,0,190.97,82,0.0165,0.00741,,0
0.5,middle,3711,0.1213,36,0.0097,1,1769.03,83,0.014,0.00479,570,1
0.5,middle,2209,0.5206,92,0.0416,2,3828.85,75,0.0072,0.01891,128,1
0.5,middle,1862,0.2417,45,0.0242,0,153.53,82,0.0188,0.01265,,0
0.5,middle,559,0.0358,2,0.0036,0,197.66,82,0.0465,0.00233,,0
0.5,middle,4755,0.2419,107,0.0225,0,2694.18,81,0.0172,0.01122,,0
0.5,middle,3816,0.3538,122,0.032,1,2545.94,77,0.0144,0.01442,132,1
0.5,middle,917,0.3599,33,0.036,0,175.49,82,0.0109,0.01969,,0
0.5,middle,932,0.2468,23,0.0247,0,221.37,82,0.0097,0.01272,,0
0.5,middle,1359,0.1177,16,0.0118,0,149.14,90,0.0103,0.00613,,0
0.5,middle,964,0.4876,47,0.0488,0,198.21,75,0.0062,0.02408,,0
0.5,middle,4680,0.3932,157,0.0335,2,3013.39,82,0.0139,0.01617,20,1
0.5,middle,3407,0.2231,42,0.0123,3,1349.32,82,0.0117,0.00662,119,1
0.5,middle,4203,0.4735,182,0.0433,1,3946.4,74,0.0076,0.0202,119,1
0.5,middle,2725,0.2679,64,0.0235,1,1890.52,83,0.0084,0.01229,69,1
0.5,middle,1108,0.0,0,0.0,0,189.21,82,0.0262,0.0,,0
0.5,middle,955,0.5236,50,0.0524,0,173.5,77,0.0136,0.02332,,0
0.5,middle,2843,0.3342,86,0.0302,1,1031.04,82,0.0208,0.01491,34,1
0.5,middle,1618,0.2967,14,0.0087,3,2708.42,82,0.0124,0.00469,118,1
0.5,middle,2002,0.2597,48,0.024,0,3171.8,82,0.015,0.01224,,0
0.5,middle,4878,0.4695,203,0.0416,2,3940.06,75,0.01,0.02037,553,1
0.5,middle,1441,0.2429,35,0.0243,0,186.16,82,0.0139,0.01409,,0
0.5,middle,917,0.0218,2,0.0022,0,138.12,82,0.0098,0.00115,,0
0.5,middle,2002,0.03,6,0.003,0,151.72,82,0.0125,0.0015,,0
0.5,middle,1494,0.6225,84,0.0562,1,4127.69,75,0.0114,0.02328,245,1
0.5,middle,5478,0.3304,154,0.0281,3,2210.96,84,0.0148,0.01389,22,1
0.5,middle,1225,0.0653,8,0.0065,0,199.31,82,0.0163,0.00361,,0
0.5,middle,1577,0.0,0,0.0,0,183.85,80,0.0051,0.0,,0
0.5,middle,2160,0.4028,83,0.0384,0,2911.94,84,0.0157,0.01861,,0
0.5,middle,730,0.0548,4,0.0055,0,181.45,169,0.0137,0.00346,,0
0.5,middle,2869,0.3695,97,0.0338,1,1872.83,142,0.0192,0.01724,176,1
0.5,middle,836,0.0359,3,0.0036,0,218.56,82,0.0156,0.00197,,0
0.5,middle,1377,0.443,61,0.0443,0,151.34,75,0.008,0.02223,,0
0.5,middle,1342,0.2086,19,0.0142,1,3817.2,82,0.0246,0.00718,144,1
0.5,middle,1515,0.1518,23,0.0152,0,258.34,82,0.0119,0.00827,,0
0.5,middle,2313,0.4496,70,0.0303,3,893.41,81,0.0104,0.01604,50,1
0.5,middle,1707,0.6327,99,0.058,1,3639.26,75,0.0135,0.02508,447,1
0.5,middle,2028,0.3008,52,0.0256,1,893.25,82,0.0163,0.01324,32,1
0.5,middle,1668,0.048,8,0.0048,0,125.67,590,0.0132,0.00265,,0
0.5,middle,4141,0.3019,87,0.021,3,1738.2,82,0.0099,0.01075,32,1
0.5,middle,2300,0.5739,119,0.0517,1,5229.74,91,0.0187,0.02315,277,1
0.5,middle,1715,0.2974,51,0.0297,0,252.24,80,0.0268,0.01532,,0
0.5,middle,2789,0.1936,45,0.0161,1,2059.14,82,0.0147,0.00783,229,1
0.5,middle,1934,0.5016,88,0.0455,1,3248.7,75,0.0202,0.01937,493,1
0.5,middle,1729,0.3817,66,0.0382,0,170.72,84,0.0139,0.02052,,0
0.5,middle,3496,0.2346,64,0.0183,2,2133.28,80,0.0157,0.00914,153,1
0.5,middle,876,0.0228,2,0.0023,0,188.64,82,0.0205,0.00159,,0
0.5,middle,1436,0.5014,68,0.0474,0,4289.11,75,0.0125,0.0197,,0
0.5,middle,3804,0.3523,116,0.0305,2,2369.58,87,0.016,0.01586,32,1
0.5,middle,2322,0.1723,40,0.0172,0,171.78,80,0.0108,0.00894,,0
0.5,middle,2235,0.4072,82,0.0367,1,2580.72,75,0.0143,0.01733,228,1
0.5,middle,6223,0.331,164,0.0264,4,2389.34,83,0.014,0.01312,11,1
0.5,middle,1109,0.0,0,0.0,0,239.58,83,0.0063,0.0,,0
0.5,middle,1994,0.4313,78,0.0391,0,6098.37,75,0.01,0.01711,,0
0.5,middle,3348,0.2718,87,0.026,0,1934.45,289,0.0096,0.01324,,0
0.5,middle,867,0.2422,21,0.0242,0,201.6,82,0.0127,0.01727,,0
0.5,middle,3282,0.2072,59,0.018,1,1399.69,82,0.0137,0.00921,169,1
0.5,middle,2747,0.4878,121,0.044,1,3364.36,209,0.0091,0.02051,226,1
0.5,middle,647,0.3555,23,0.0355,0,198.78,82,0.0031,0.01748,,0
0.5,middle,2142,0.3175,59,0.0275,1,1338.22,232,0.0191,0.01452,182,1
0.5,middle,1111,0.045,5,0.0045,0,180.65,90,0.0036,0.00294,,0
0.5,middle,2269,0.5994,102,0.045,3,1641.58,75,0.0115,0.0212,85,1
0.5,middle,1023,0.0587,6,0.0059,0,209.81,82,0.0587,0.00296,,0
0.5,middle,2227,0.2739,48,0.0216,1,4740.33,82,0.013,0.01084,88,1
0.5,middle,4446,0.4476,181,0.0407,2,2724.32,74,0.0106,0.01889,245,1
0.5,middle,810,0.0,0,0.0,0,189.42,82,0.0062,0.0,,0
0.5,middle,1174,0.0426,5,0.0043,0,224.92,81,0.0102,0.00263,,0
0.5,middle,2743,0.2297,44,0.016,2,654.54,82,0.0157,0.00816,32,1
0.75,hardcore,5451,0.4861,234,0.0429,3,4365.13,75,0.0057,0.02095,435,1
0.75,hardcore,1459,0.0411,6,0.0041,0,254.26,81,0.0164,0.00232,,0
0.75,hardcore,1925,0.0312,6,0.0031,0,197.52,80,0.0177,0.00146,,0
0.75,hardcore,711,0.0,0,0.0,0,222.13,82,0.0211,0.0,,0
0.75,hardcore,1053,0.4653,49,0.0465,0,208.87,75,0.0142,0.01989,,0
0.75,hardcore,4251,0.4046,140,0.0329,3,3405.0,82,0.0094,0.01614,127,1
0.75,hardcore,2608,0.1956,42,0.0161,1,2477.24,82,0.0238,0.00829,530,1
0.75,hardcore,1589,0.0944,15,0.0094,0,266.3,82,0.0076,0.0056,,0
0.75,hardcore,2219,0.5678,103,0.0464,2,1853.89,75,0.0063,0.0206,194,1
0.75,hardcore,5217,0.2856,136,0.0261,1,2463.78,80,0.0044,0.01322,468,1
0.75,hardcore,1917,0.0365,7,0.0037,0,185.85,82,0.0125,0.00198,,0
0.75,hardcore,1331,0.6311,75,0.0563,1,4361.43,75,0.0301,0.02251,271,1
0.75,hardcore,2728,0.3959,99,0.0363,1,1933.27,82,0.0139,0.01833,202,1
0.75,hardcore,1253,0.1038,13,0.0104,0,246.91,82,0.02,0.00559,,0
0.75,hardcore,1190,0.3866,46,0.0387,0,193.28,75,0.0227,0.01722,,0
0.75,hardcore,6114,0.3942,200,0.0327,4,3241.02,82,0.0087,0.01694,509,1
0.75,hardcore,717,0.0,0,0.0,0,208.83,83,0.0084,0.0,,0
0.75,hardcore,1582,0.0,0,0.0,0,164.9,82,0.0107,0.0,,0
0.75,hardcore,3113,0.3855,111,0.0357,1,2041.05,75,0.0151,0.01707,157,1
0.75,hardcore,5354,0.2914,134,0.025,2,2811.49,81,0.0123,0.01238,222,1
0.75,hardcore,2520,0.5635,123,0.0488,2,1147.96,74,0.0063,0.02264,20,1
0.75,hardcore,3048,0.3018,74,0.0243,2,2971.08,82,0.0095,0.01279,10,1
0.75,hardcore,1532,0.2023,27,0.0176,0,4044.02,81,0.0535,0.00968,,0
0.75,hardcore,2026,0.4294,78,0.0385,1,2738.25,75,0.0128,0.01919,209,1
0.75,hardcore,2012,0.4324,78,0.0388,1,1802.91,82,0.007,0.01797,88,1
0.75,hardcore,1703,0.2995,42,0.0247,1,1138.34,81,0.0106,0.01267,46,1
0.75,hardcore,995,0.0201,2,0.002,0,173.17,82,0.0111,0.00114,,0
0.75,hardcore,1746,0.6014,96,0.055,1,3548.85,75,0.0046,0.025,245,1
0.75,hardcore,1043,0.326,34,0.0326,0,229.44,82,0.0422,0.01797,,0
0.75,hardcore,1061,0.1791,19,0.0179,0,192.64,82,0.0141,0.00965,,0
0.75,hardcore,1282,0.0624,8,0.0062,0,189.99,350,0.0094,0.00336,,0
0.75,hardcore,6326,0.4252,228,0.036,4,2214.83,90,0.0079,0.01792,390,1
0.75,hardcore,1045,0.0478,5,0.0048,0,261.9,82,0.0268,0.00312,,0
0.75,hardcore,1773,0.0677,12,0.0068,0,202.37,82,0.0158,0.00348,,0
0.75,hardcore,1364,0.6452,79,0.0579,1,4275.18,75,0.0059,0.02368,275,1
0.75,hardcore,968,0.3306,32,0.0331,0,234.7,82,0.0207,0.01782,,0
0.75,hardcore,4704,0.2849,121,0.0257,1,2682.36,779,0.0157,0.01307,326,1
0.75,hardcore,689,0.029,2,0.0029,0,248.29,82,0.0174,0.00172,,0
0.75,hardcore,3489,0.5073,159,0.0456,2,2992.85,75,0.0261,0.02196,291,1
0.75,hardcore,1065,0.1502,16,0.015,0,210.46,83,0.0038,0.00726,,0
0.75,hardcore,1491,0.0872,13,0.0087,0,203.6,96,0.0168,0.00476,,0
0.75,hardcore,3385,0.1536,43,0.0127,1,1177.97,102,0.0411,0.00633,101,1
0.75,hardcore,1442,0.4854,70,0.0485,0,195.73,75,0.0042,0.01991,,0
0.75,hardcore,3844,0.4162,138,0.0359,2,4823.25,82,0.0052,0.01807,272,1
0.75,hardcore,1684,0.2257,34,0.0202,0,3704.6,82,0.0243,0.0097,,0
0.75,hardcore,2377,0.0168,4,0.0017,0,183.83,82,0.0219,0.00087,,0
0.75,hardcore,3151,0.5236,147,0.0467,2,3055.74,75,0.0098,0.02129,275,1
0.75,hardcore,859,0.2678,23,0.0268,0,211.64,81,0.0081,0.01521,,0
0.75,hardcore,915,0.153,14,0.0153,0,213.74,82,0.0262,0.01057,,0
0.75,hardcore,1951,0.2153,23,0.0118,2,1257.56,82,0.0103,0.00605,124,1
0.75,hardcore,1364,0.6452,79,0.0579,1,4275.36,75,0.0059,0.02368,275,1
0.75,hardcore,1148,0.4094,47,0.0409,0,215.34,83,0.0096,0.026,,0
0.75,hardcore,1974,0.2634,43,0.0218,1,3193.97,82,0.0228,0.01041,209,1
0.75,hardcore,891,0.202,18,0.0202,0,265.79,82,0.0281,0.01122,,0
0.75,hardcore,3085,0.5446,151,0.0489,1,5824.55,75,0.011,0.02285,271,1
0.75,hardcore,4015,0.2316,89,0.0222,0,1664.45,82,0.0179,0.01093,,0
0.75,hardcore,2109,0.0284,6,0.0028,0,220.8,82,0.0175,0.00136,,0
0.75,hardcore,851,0.5993,51,0.0599,0,180.53,75,0.0059,0.03102,,0
0.75,hardcore,2716,0.3056,65,0.0239,2,3419.43,82,0.0162,0.01202,224,1
0.75,hardcore,1806,0.1218,22,0.0122,0,201.28,82,0.0244,0.0059,,0
0.75,hardcore,6022,0.4234,229,0.038,2,3944.84,75,0.01,0.0185,267,1
0.75,hardcore,1255,0.0876,11,0.0088,0,240.91,80,0.0112,0.00536,,0
0.75,hardcore,1338,0.5755,68,0.0508,1,4339.69,75,0.0209,0.02041,271,1
0.75,hardcore,859,0.2678,23,0.0268,0,215.58,80,0.0431,0.01517,,0
0.75,hardcore,3940,0.3832,134,0.034,1,4060.18,82,0.0046,0.01656,289,1
0.75,hardcore,1126,0.0977,11,0.0098,0,209.8,80,0.0124,0.00583,,0
0.75,hardcore,2135,0.5714,113,0.0529,1,2404.53,73,0.0178,0.0238,124,1
0.75,hardcore,2647,0.3022,67,0.0253,1,3240.44,132,0.0079,0.01242,580,1
0.75,hardcore,978,0.2352,23,0.0235,0,212.22,81,0.0123,0.01253,,0
0.75,hardcore,1944,0.0926,18,0.0093,0,171.86,81,0.017,0.00465,,0
0.75,hardcore,4347,0.5107,195,0.0449,3,3415.63,75,0.0124,0.02206,245,1
0.75,hardcore,1572,0.0954,15,0.0095,0,216.55,82,0.0261,0.00507,,0
0.75,hardcore,1915,0.188,27,0.0141,1,1441.08,82,0.012,0.00711,27,1
0.75,hardcore,2149,0.4514,84,0.0391,1,3954.75,75,0.0074,0.01847,162,1
0.75,hardcore,2642,0.4088,99,0.0375,1,1157.12,81,0.0204,0.01874,50,1
0.75,hardcore,2195,0.1959,39,0.0178,0,2900.92,85,0.0118,0.00889,,0
0.75,hardcore,2477,0.0969,24,0.0097,0,173.43,81,0.0032,0.00485,,0
0.75,hardcore,1157,0.3717,43,0.0372,0,232.94,73,0.0225,0.01813,,0
0.75,hardcore,4543,0.3852,143,0.0315,3,3778.76,82,0.0112,0.01522,144,1
0.75,hardcore,3140,0.2197,60,0.0191,1,1596.94,80,0.0127,0.00991,76,1
0.75,hardcore,1789,0.3689,62,0.0347,0,3512.03,75,0.0117,0.0163,,0
0.75,hardcore,1747,0.2977,52,0.0298,0,189.02,82,0.0195,0.01513,,0
0.75,hardcore,1120,0.1339,15,0.0134,0,241.06,82,0.0054,0.00833,,0
0.75,hardcore,2347,0.3281,68,0.029,1,2428.27,82,0.0128,0.01437,110,1
0.75,hardcore,1204,0.4319,52,0.0432,0,192.11,75,0.0075,0.02028,,0
0.75,hardcore,5953,0.3662,192,0.0323,2,3911.09,81,0.0121,0.0162,273,1
0.75,hardcore,526,0.0,0,0.0,0,216.41,82,0.0,0.0,,0
0.75,hardcore,1531,0.5552,76,0.0496,1,4034.76,75,0.0202,0.02186,450,1
0.75,hardcore,1222,0.4092,50,0.0409,0,215.4,80,0.0033,0.02066,,0
0.75,hardcore,5757,0.2536,119,0.0207,2,2525.67,1025,0.0075,0.01048,92,1
0.75,hardcore,940,0.0106,1,0.0011,0,226.52,82,0.0096,0.0006,,0
0.75,hardcore,8552,0.3414,246,0.0288,5,1996.45,73,0.0094,0.01392,232,1
0.75,hardcore,943,0.0,0,0.0,0,187.06,82,0.0011,0.0,,0
0.75,hardcore,1149,0.4178,48,0.0418,0,199.99,75,0.0087,0.01887,,0
0.75,hardcore,2588,0.3903,82,0.0317,2,1328.45,82,0.029,0.01575,116,1
0.75,hardcore,1125,0.2756,31,0.0276,0,200.42,82,0.0169,0.01595,,0
0.75,hardcore,2724,0.1762,29,0.0106,2,1525.08,82,0.0231,0.00553,203,1
0.75,hardcore,3282,0.4814,145,0.0442,1,3820.74,75,0.0149,0.02057,331,1
0.75,hardcore,900,0.2333,21,0.0233,0,207.68,81,0.0067,0.0125,,0
0.75,hardcore,2789,0.3155,75,0.0269,1,3378.53,82,0.0079,0.01308,116,1
0.75,hardcore,761,0.0394,3,0.0039,0,286.7,82,0.0066,0.00231,,0
0.75,hardcore,5683,0.4557,213,0.0375,5,2903.27,75,0.0123,0.01758,279,1
0.75,hardcore,1031,0.0097,1,0.001,0,191.26,82,0.0097,0.00046,,0
0.75,hardcore,819,0.2564,21,0.0256,0,246.2,82,0.0147,0.014,,0
0.75,hardcore,2454,0.0448,11,0.0045,0,130.16,98,0.0098,0.00224,,0
1.0,hardcore,3546,0.4117,133,0.0375,1,2956.87,75,0.0076,0.01678,166,1
1.0,hardcore,2811,0.37,85,0.0302,2,2350.53,82,0.0096,0.01607,290,1
1.0,hardcore,1595,0.0502,8,0.005,0,176.26,82,0.0107,0.00255,,0
1.0,hardcore,1406,0.0142,2,0.0014,0,241.85,81,0.0171,0.00074,,0
1.0,hardcore,4084,0.4726,171,0.0419,2,4229.45,75,0.0064,0.01958,112,1
1.0,hardcore,1729,0.2603,45,0.026,0,207.0,82,0.0237,0.01377,,0
1.0,hardcore,2871,0.0418,12,0.0042,0,210.28,82,0.0104,0.00203,,0
1.0,hardcore,1170,0.0085,1,0.0009,0,182.39,81,0.0231,0.00048,,0
1.0,hardcore,2139,0.5657,108,0.0505,1,3979.94,75,0.0051,0.02155,162,1
1.0,hardcore,2555,0.5323,123,0.0481,1,3352.53,75,0.002,0.02259,162,1
1.0,hardcore,5741,0.2369,123,0.0214,1,1902.99,82,0.0038,0.01072,265,1
1.0,hardcore,1014,0.0,0,0.0,0,251.99,82,0.0069,0.0,,0
1.0,hardcore,4785,0.5643,229,0.0479,4,2472.77,607,0.0107,0.02303,162,1
1.0,hardcore,1287,0.0544,7,0.0054,0,260.06,82,0.0101,0.00318,,0
1.0,hardcore,759,0.0395,3,0.004,0,236.82,82,0.0079,0.00217,,0
1.0,hardcore,2149,0.5631,108,0.0503,1,3950.1,74,0.0112,0.02134,158,1
1.0,hardcore,1370,0.3723,51,0.0372,0,238.92,82,0.0146,0.01983,,0
1.0,hardcore,913,0.1314,12,0.0131,0,216.47,82,0.0099,0.00748,,0
1.0,hardcore,2836,0.201,53,0.0187,0,2382.77,82,0.0078,0.00882,,0
1.0,hardcore,1078,0.4545,49,0.0455,0,221.25,75,0.0083,0.01888,,0
1.0,hardcore,909,0.198,18,0.0198,0,217.66,82,0.0044,0.01131,,0
1.0,hardcore,3709,0.4637,134,0.0361,4,2266.4,83,0.0094,0.01965,240,1
1.0,hardcore,3117,0.1059,24,0.0077,1,785.02,96,0.008,0.00402,109,1
1.0,hardcore,4828,0.4722,211,0.0437,1,3082.67,89,0.0052,0.02079,162,1
1.0,hardcore,1037,0.0868,9,0.0087,0,236.86,82,0.0116,0.00562,,0
1.0,hardcore,987,0.0,0,0.0,0,203.08,82,0.0061,0.0,,0
1.0,hardcore,909,0.0,0,0.0,0,217.66,82,0.0044,0.0,,0
1.0,hardcore,3446,0.4179,131,0.038,1,2527.33,91,0.0264,0.01745,162,1
1.0,hardcore,908,0.4185,38,0.0419,0,218.3,82,0.0022,0.02393,,0
1.0,hardcore,1690,0.2012,34,0.0201,0,210.08,82,0.0065,0.01123,,0
1.0,hardcore,934,0.0214,2,0.0021,0,202.77,82,0.0096,0.00113,,0
1.0,hardcore,1078,0.4545,49,0.0455,0,222.38,75,0.0065,0.01888,,0
1.0,hardcore,910,0.1978,18,0.0198,0,217.56,82,0.0066,0.01128,,0
1.0,hardcore,7657,0.2834,175,0.0229,4,2259.82,80,0.0182,0.01121,241,1
1.0,hardcore,2150,0.5581,107,0.0498,1,4823.19,75,0.0042,0.02137,166,1
1.0,hardcore,4264,0.326,126,0.0295,1,3008.49,82,0.0291,0.01513,286,1
1.0,hardcore,3232,0.0402,13,0.004,0,193.55,82,0.0161,0.00196,,0
1.0,hardcore,3449,0.4175,131,0.038,1,2524.87,94,0.0281,0.01742,162,1
1.0,hardcore,5021,0.2549,115,0.0229,1,2552.46,82,0.0016,0.01173,349,1
1.0,hardcore,846,0.0,0,0.0,0,202.83,82,0.0118,0.0,,0
1.0,hardcore,1078,0.4545,49,0.0455,0,221.25,75,0.0083,0.01888,,0
1.0,hardcore,2956,0.2842,75,0.0254,1,1969.67,81,0.0166,0.01248,221,1
1.0,hardcore,4650,0.2796,102,0.0219,3,1275.77,82,0.012,0.0113,116,1
1.0,hardcore,4932,0.4339,178,0.0361,3,3660.97,75,0.0091,0.017,162,1
1.0,hardcore,3885,0.175,68,0.0175,0,177.86,82,0.0049,0.00892,,0
1.0,hardcore,846,0.0,0,0.0,0,201.84,82,0.0118,0.0,,0
1.0,hardcore,2146,0.5312,101,0.0471,1,3959.34,75,0.0168,0.02097,162,1
1.0,hardcore,6387,0.2521,143,0.0224,2,1201.35,82,0.0128,0.01149,234,1
1.0,hardcore,1042,0.0192,2,0.0019,0,254.26,82,0.0144,0.00126,,0
1.0,hardcore,3951,0.4176,127,0.0321,3,2313.35,75,0.0063,0.01603,194,1
1.0,hardcore,2856,0.4097,109,0.0382,0,4352.35,82,0.013,0.01952,,0
1.0,hardcore,1090,0.0642,7,0.0064,0,250.74,82,0.022,0.00344,,0
1.0,hardcore,1833,0.5565,89,0.0486,1,5612.37,74,0.0082,0.02196,162,1
1.0,hardcore,7059,0.2621,157,0.0222,3,1062.7,266,0.0103,0.011,82,1
1.0,hardcore,846,0.0,0,0.0,0,202.83,82,0.0118,0.0,,0
1.0,hardcore,6805,0.3968,239,0.0351,3,2859.58,89,0.0071,0.01705,162,1
1.0,hardcore,839,0.0358,3,0.0036,0,240.79,82,0.0203,0.00216,,0
1.0,hardcore,869,0.0,0,0.0,0,201.1,82,0.0299,0.0,,0
1.0,hardcore,2150,0.5581,107,0.0498,1,4823.19,75,0.0042,0.02137,166,1
1.0,hardcore,1370,0.3723,51,0.0372,0,238.92,82,0.0146,0.01983,,0
1.0,hardcore,1710,0.2339,40,0.0234,0,126.7,218,0.0187,0.01144,,0
1.0,hardcore,3865,0.1578,48,0.0124,1,3317.23,82,0.0054,0.00598,149,1
1.0,hardcore,2154,0.5571,107,0.0497,1,3952.67,75,0.006,0.02133,162,1
1.0,hardcore,1518,0.2569,39,0.0257,0,217.32,82,0.0165,0.01512,,0
1.0,hardcore,2381,0.252,51,0.0214,1,871.33,80,0.0021,0.01092,40,1
1.0,hardcore,1557,0.0321,5,0.0032,0,183.83,97,0.0141,0.0017,,0
1.0,hardcore,1545,0.3301,42,0.0272,1,1632.03,80,0.1735,0.01173,162,1
1.0,hardcore,3361,0.4165,132,0.0393,0,3567.42,82,0.017,0.01938,,0
1.0,hardcore,5058,0.1601,72,0.0142,1,1101.08,82,0.0073,0.00724,309,1
1.0,hardcore,4518,0.5356,220,0.0487,2,3590.23,75,0.0046,0.0231,166,1
1.0,hardcore,961,0.0208,2,0.0021,0,235.0,82,0.0219,0.00112,,0
1.0,hardcore,1139,0.0,0,0.0,0,204.61,130,0.0184,0.0,,0
1.0,hardcore,909,0.0,0,0.0,0,218.15,82,0.0044,0.0,,0
1.0,hardcore,3449,0.4175,131,0.038,1,2525.03,94,0.0194,0.01742,162,1
1.0,hardcore,6391,0.2159,115,0.018,2,1782.53,82,0.0172,0.00875,178,1
1.0,hardcore,2475,0.5172,115,0.0465,1,3462.71,75,0.0077,0.02054,162,1
1.0,hardcore,911,0.4171,38,0.0417,0,231.13,82,0.0088,0.02375,,0
1.0,hardcore,921,0.2497,23,0.025,0,261.35,82,0.0098,0.01459,,0
1.0,hardcore,3482,0.2556,66,0.019,2,1769.51,82,0.0115,0.00953,283,1
1.0,hardcore,4279,0.5609,209,0.0488,3,3916.32,74,0.0056,0.02349,162,1
1.0,hardcore,921,0.1412,13,0.0141,0,260.61,82,0.0098,0.00825,,0
1.0,hardcore,1965,0.1221,24,0.0122,0,175.35,420,0.0025,0.0058,,0
1.0,hardcore,846,0.0,0,0.0,0,202.83,82,0.0118,0.0,,0
1.0,hardcore,2325,0.5032,104,0.0447,1,3679.56,75,0.0043,0.01899,162,1
1.0,hardcore,1352,0.3402,46,0.034,0,220.49,82,0.0037,0.01772,,0
1.0,hardcore,750,0.0933,7,0.0093,0,299.18,82,0.0027,0.00557,,0
1.0,hardcore,4965,0.2135,88,0.0177,2,2330.16,82,0.0125,0.00929,154,1
1.0,hardcore,4337,0.5326,200,0.0461,3,3863.68,120,0.0037,0.0228,162,1
1.0,hardcore,1084,0.1199,13,0.012,0,242.42,82,0.0092,0.00752,,0
1.0,hardcore,884,0.0113,1,0.0011,0,213.41,83,0.0452,0.0008,,0
1.0,hardcore,1254,0.0239,3,0.0024,0,206.93,80,0.0152,0.00145,,0
1.0,hardcore,6032,0.4211,228,0.0378,2,2950.42,75,0.0098,0.01771,112,1
1.0,hardcore,935,0.0321,3,0.0032,0,236.92,82,0.0118,0.00177,,0
1.0,hardcore,918,0.1525,14,0.0153,0,256.76,82,0.0207,0.00803,,0
1.0,hardcore,1554,0.0064,1,0.0006,0,248.33,81,0.0032,0.00033,,0
1.0,hardcore,6010,0.4908,239,0.0398,5,2848.19,142,0.0085,0.01926,166,1
1.0,hardcore,1544,0.0453,7,0.0045,0,196.3,82,0.0058,0.00237,,0
1.0,hardcore,1843,0.0,0,0.0,0,194.81,82,0.0071,0.0,,0
1.0,hardcore,3449,0.4175,131,0.038,1,2524.93,94,0.0194,0.01742,162,1
1.0,hardcore,908,0.4185,38,0.0419,0,218.3,82,0.0022,0.02393,,0
1.0,hardcore,887,0.2593,23,0.0259,0,229.75,82,0.0034,0.01448,,0
1.0,hardcore,4419,0.1426,50,0.0113,1,2021.65,83,0.0061,0.006,374,1
